Título,Descripción,Categoría,Latitud,Longitud,Fecha del hecho
"Ráfagas de más de 100 km/h causa estragos en San Vicen
"Situación crítica por Precipitación de granizo en Chilecito, La Rioja",La región de Chilecito en La Rioja sufrió los efectos de una intensa precipitación de granizo. El incidente con un saldo inicial de varias personas heridas. Especialistas evalúan los daños para iniciar las reparaciones necesarias.,Precipitación de granizo,-29.19831,-67.533537,10/10/2020
"Situación crítica por Lluvia de hielo en Mendoza, Mendoza","Una lluvia de hielo de gran magnitud afectó a Mendoza, Mendoza. El incidente provocando cortes de energía y problemas en el suministro de agua. Se ha convocado al comité de crisis para coordinar las acciones de respuesta.",Lluvia de hielo,-32.895182,-68.84302,15/11/2000
"Equipos de emergencia atienden Inundación repentina en Godoy Cruz, Mendoza",La región de Godoy Cruz en Mendoza sufrió los efectos de una intensa inundación repentina. El incidente destruyendo viviendas y dejando a familias evacuadas. Especialistas evalúan los daños para iniciar las reparaciones necesarias.,Inundación repentina,-32.934672,-68.880074,26/09/2012
Habitantes de San Carlos de Bariloche afrontan Derrumbe de cerro,La región de San Carlos de Bariloche en Río Negro sufrió los efectos de una intensa derrumbe de cerro. El incidente generando caos en el transporte público y privado. Se han habilitado refugios temporales para las familias afectadas.,Derrumbe de cerro,-41.161771,-71.334277,08/04/2019
"Equipos de emergencia atienden Lluvia torrencial en Chimbas, San Juan","Una lluvia torrencial de gran magnitud afectó a Chimbas, San Juan. El incidente bloqueando las principales vías de acceso. Los servicios médicos están atendiendo a los afectados en hospitales locales.",Lluvia torrencial,-31.480401,-68.48767,28/12/2004
Equipos de emergencia atienden Calor extremo en Palpalá,"Una calor extremo de gran magnitud afectó a Palpalá, Jujuy. El incidente dejando un rastro de destrucción importante. El Ministerio de Desarrollo Social está brindando apoyo a los damnificados.",Calor extremo,-24.231944,-65.20929,09/11/2006
Equipos de emergencia atienden Nevazón en Concepción,La región de Concepción en Tucumán sufrió los efectos de una intensa nevazón. El incidente provocando la activación de protocolos de emergencia. Voluntarios de diversas organizaciones se han sumado a las tareas de auxilio.,Nevazón,-27.36334,-65.55839,28/06/2009
Anegamiento masivo deja múltiples daños en Perico,La región de Perico en Jujuy sufrió los efectos de una intensa anegamiento masivo. El incidente obligando a evacuar a residentes de la zona. Bomberos y personal de seguridad trabajan intensamente en la zona.,Anegamiento masivo,-24.351881,-65.112406,16/02/2008
"25 de Mayo en alerta por Inundación por lluvias intensas, Buenos Aires","Severa inundación por lluvias intensas impactó en la localidad de 25 de Mayo, Buenos Aires. El incidente bloqueando las principales vías de acceso. El gobierno provincial ha enviado ayuda humanitaria a los damnificados.",Inundación por lluvias intensas,-35.397014,-60.174991,08/06/2013
"Emergencia por Anegamiento masivo en General Roca, Río Negro",La región de General Roca en Río Negro sufrió los efectos de una intensa anegamiento masivo. El incidente dejando a varios sectores sin comunicación. Especialistas evalúan los daños para iniciar las reparaciones necesarias.,Anegamiento masivo,-39.077095,-67.628701,07/04/2013
"Situación crítica por Lluvia torrencial en Realicó, La Pampa","Severa lluvia torrencial impactó en la localidad de Realicó, La Pampa. El incidente generando serios daños ambientales en la región. Defensa Civil coordina las tareas de asistencia y reconstrucción.",Lluvia torrencial,-35.081124,-64.22791,03/06/2000
Emergencia por Granizo de gran tamaño en Guaymallén,La región de Guaymallén en Mendoza sufrió los efectos de una intensa granizo de gran tamaño. El incidente dejando a varios sectores sin comunicación. Se ha iniciado una investigación para determinar las causas exactas del incidente.,Granizo de gran tamaño,-32.915019,-68.75387,12/05/2016
"Devastador Vientos huracanados afecta a San Salvador de Jujuy, Jujuy","Una vientos huracanados de gran magnitud afectó a San Salvador de Jujuy, Jujuy. El incidente provocando pánico entre los residentes locales. Se ha convocado al comité de crisis para coordinar las acciones de respuesta.",Vientos huracanados,-24.19794,-65.266033,04/07/2012
Confirman Vientos huracanados de gran magnitud en Villa Krause,"Una vientos huracanados de gran magnitud afectó a Villa Krause, San Juan. El incidente resultando en el cierre temporal de escuelas y comercios. Las fuerzas de seguridad mantienen un perímetro para evitar incidentes adicionales.",Vientos huracanados,-31.581255,-68.570841,23/08/2009
"Devastador Crisis hídrica afecta a Merlo, San Luis",La región de Merlo en San Luis sufrió los efectos de una intensa crisis hídrica. El incidente con un saldo inicial de varias personas heridas. Los servicios médicos están atendiendo a los afectados en hospitales locales.,Crisis hídrica,-32.329726,-65.037938,11/06/2013
Declaran emergencia tras Quema descontrolada en Tinogasta,"Severa quema descontrolada impactó en la localidad de Tinogasta, Catamarca. El incidente causando daños en cultivos y producción agrícola. Se han habilitado refugios temporales para las familias afectadas.",Quema descontrolada,-28.095462,-67.538741,23/06/2001
Evacuaciones por Tornado en Resistencia,La región de Resistencia en Chaco sufrió los efectos de una intensa tornado. El incidente causando pérdidas millonarias y afectando a cientos de personas. Se han habilitado refugios temporales para las familias afectadas.,Tornado,-27.40591,-58.972478,15/03/2006
"Evacuaciones por Fenómeno meteorológico con granizo en Salta, Salta","Severa fenómeno meteorológico con granizo impactó en la localidad de Salta, Salta. El incidente dejando a varios sectores sin comunicación. Las autoridades locales han desplegado equipos de emergencia para atender a los afectados.",Fenómeno meteorológico con granizo,-24.77728,-65.402076,03/03/2024
"Lules afectado por Vientos con fuerza ciclónica, Tucumán","Una vientos con fuerza ciclónica de gran magnitud afectó a Lules, Tucumán. El incidente causando pérdidas millonarias y afectando a cientos de personas. Bomberos y personal de seguridad trabajan intensamente en la zona.",Vientos con fuerza ciclónica,-26.934588,-65.274926,18/04/2011
Declaran emergencia tras Escasez de agua en Santa María,"Severa escasez de agua impactó en la localidad de Santa María, Catamarca. El incidente dejando a varios sectores sin comunicación. Especialistas evalúan los daños para iniciar las reparaciones necesarias.",Escasez de agua,-26.726757,-66.057608,14/06/2000
"Impacto de Caída de ceniza en comunidad de Tartagal, Salta","Severa caída de ceniza impactó en la localidad de Tartagal, Salta. El incidente dejando varios heridos y daños materiales. Bomberos y personal de seguridad trabajan intensamente en la zona.",Caída de ceniza,-22.513733,-63.828398,02/11/2007
"Se reporta Desborde de arroyo en zona de Junín, Buenos Aires","Severa desborde de arroyo impactó en la localidad de Junín, Buenos Aires. El incidente bloqueando las principales vías de acceso. La población ha sido alertada para tomar precauciones adicionales.",Desborde de arroyo,-34.614593,-60.929374,03/06/2018
Consecuencias graves tras Helada destructiva en Luján de Cuyo,La región de Luján de Cuyo en Mendoza sufrió los efectos de una intensa helada destructiva. El incidente generando serios daños ambientales en la región. Las fuerzas de seguridad mantienen un perímetro para evitar incidentes adicionales.,Helada destructiva,-33.066272,-68.920526,30/09/2011
Fuego en área protegida deja múltiples daños en Río Cuarto,"Severa fuego en área protegida impactó en la localidad de Río Cuarto, Córdoba. El incidente causando pérdidas millonarias y afectando a cientos de personas. Voluntarios de diversas organizaciones se han sumado a las tareas de auxilio.",Fuego en área protegida,-33.124699,-64.323522,15/03/2001
Emergencia por Fuego en bosque nativo en Villa Ángela,"Una fuego en bosque nativo de gran magnitud afectó a Villa Ángela, Chaco. El incidente provocando la activación de protocolos de emergencia. Voluntarios de diversas organizaciones se han sumado a las tareas de auxilio.",Fuego en bosque nativo,-27.572169,-60.722999,19/07/2011
"Evacuaciones por Temperaturas bajo cero en Esquel, Chubut",La región de Esquel en Chubut sufrió los efectos de una intensa temperaturas bajo cero. El incidente dejando varios heridos y daños materiales. Se han habilitado refugios temporales para las familias afectadas.,Temperaturas bajo cero,-42.91939,-71.298764,17/01/2001
"Consecuencias graves tras Emisión volcánica en Azul, Buenos Aires",La región de Azul en Buenos Aires sufrió los efectos de una intensa emisión volcánica. El incidente dejando a varios sectores sin comunicación. Defensa Civil coordina las tareas de asistencia y reconstrucción.,Emisión volcánica,-36.759313,-59.862516,05/06/2016
Autoridades responden a Granizo de gran tamaño en Comodoro Rivadavia,La región de Comodoro Rivadavia en Chubut sufrió los efectos de una intensa granizo de gran tamaño. El incidente dejando varios heridos y daños materiales. Defensa Civil coordina las tareas de asistencia y reconstrucción.,Granizo de gran tamaño,-45.844685,-67.497911,14/05/2012
Temporal de viento provoca emergencia en Barranqueras,La región de Barranqueras en Chaco sufrió los efectos de una intensa temporal de viento. El incidente generando serios daños ambientales en la región. El municipio ha activado el protocolo de emergencias para esta situación.,Temporal de viento,-27.482778,-58.917908,04/08/2003
Serio incidente: Fenómeno de frío intenso en Punta Alta,"Una fenómeno de frío intenso de gran magnitud afectó a Punta Alta, Buenos Aires. El incidente dejando a varios sectores sin comunicación. Voluntarios de diversas organizaciones se han sumado a las tareas de auxilio.",Fenómeno de frío intenso,-38.825939,-62.069268,07/04/2004
Habitantes de Eduardo Castex afrontan Crecida de aguas subterráneas,"Una crecida de aguas subterráneas de gran magnitud afectó a Eduardo Castex, La Pampa. El incidente interrumpiendo servicios básicos en toda la zona. Se ha convocado al comité de crisis para coordinar las acciones de respuesta.",Crecida de aguas subterráneas,-35.950841,-64.308187,23/05/2024
"Nube de ceniza provoca emergencia en San Fernando del Valle de Catamarca, Catamarca","Una nube de ceniza de gran magnitud afectó a San Fernando del Valle de Catamarca, Catamarca. El incidente afectando el normal desarrollo de actividades en la zona. El Ministerio de Desarrollo Social está brindando apoyo a los damnificados.",Nube de ceniza,-28.517165,-65.759512,18/05/2001
Récord histórico de calor deja múltiples daños en San Lorenzo,"Severa récord histórico de calor impactó en la localidad de San Lorenzo, Santa Fe. El incidente bloqueando las principales vías de acceso. Las fuerzas de seguridad mantienen un perímetro para evitar incidentes adicionales.",Récord histórico de calor,-32.755917,-60.710879,30/12/2007
"Aluvión de tierra y rocas impacta en San Luis, San Luis","Una aluvión de tierra y rocas de gran magnitud afectó a San Luis, San Luis. El incidente dejando un rastro de destrucción importante. Se ha iniciado una investigación para determinar las causas exactas del incidente.",Aluvión de tierra y rocas,-33.284102,-66.375637,13/10/2012
"Habitantes de Rivadavia afrontan Frente tormentoso, San Juan",La región de Rivadavia en San Juan sufrió los efectos de una intensa frente tormentoso. El incidente generando caos en el transporte público y privado. Las fuerzas de seguridad mantienen un perímetro para evitar incidentes adicionales.,Frente tormentoso,-31.525211,-68.591147,26/03/2018
Helada severa genera crisis en Concepción del Uruguay,"Una helada severa de gran magnitud afectó a Concepción del Uruguay, Entre Ríos. El incidente causando daños en cultivos y producción agrícola. Especialistas evalúan los daños para iniciar las reparaciones necesarias.",Helada severa,-32.488508,-58.183488,20/12/2002
Emergencia por Sismo con epicentro local en General Pico,"Una sismo con epicentro local de gran magnitud afectó a General Pico, La Pampa. El incidente dejando a la población incomunicada por varias horas. Bomberos y personal de seguridad trabajan intensamente en la zona.",Sismo con epicentro local,-35.67441,-63.742285,23/11/2001
Tormenta de nieve afecta a Gálvez,"Una tormenta de nieve de gran magnitud afectó a Gálvez, Santa Fe. El incidente dejando a varios sectores sin comunicación. Se ha convocado al comité de crisis para coordinar las acciones de respuesta.",Tormenta de nieve,-32.016776,-61.236933,17/08/2008
"Quilmes en alerta por Inundación en zona urbana, Buenos Aires",La región de Quilmes en Buenos Aires sufrió los efectos de una intensa inundación en zona urbana. El incidente interrumpiendo servicios básicos en toda la zona. Se ha iniciado una investigación para determinar las causas exactas del incidente.,Inundación en zona urbana,-34.695346,-58.228489,23/03/2017
Equipos de emergencia atienden Tormenta de viento en San Carlos de Bariloche,"Severa tormenta de viento impactó en la localidad de San Carlos de Bariloche, Río Negro. El incidente generando serios daños ambientales en la región. Las fuerzas de seguridad mantienen un perímetro para evitar incidentes adicionales.",Tormenta de viento,-41.088498,-71.29277,05/11/2010
Evacuaciones por Ráfagas de más de 100 km/h en Jesús María,"Una ráfagas de más de 100 km/h de gran magnitud afectó a Jesús María, Córdoba. El incidente generando caos en el transporte público y privado. El gobierno provincial ha enviado ayuda humanitaria a los damnificados.",Ráfagas de más de 100 km/h,-30.965815,-64.063266,16/11/2018
Habitantes de Pico Truncado afrontan Nevada extrema,"Severa nevada extrema impactó en la localidad de Pico Truncado, Santa Cruz. El incidente obligando a evacuar a residentes de la zona. Se han habilitado refugios temporales para las familias afectadas.",Nevada extrema,-46.748858,-67.933245,28/07/2008
"Devastador Escasez de agua afecta a Puerto San Julián, Santa Cruz",La región de Puerto San Julián en Santa Cruz sufrió los efectos de una intensa escasez de agua. El incidente provocando cortes de energía y problemas en el suministro de agua. Los servicios médicos están atendiendo a los afectados en hospitales locales.,Escasez de agua,-49.280992,-67.684708,18/07/2014
"Confirman Crecida de aguas subterráneas de gran magnitud en Tandil, Buenos Aires",La región de Tandil en Buenos Aires sufrió los efectos de una intensa crecida de aguas subterráneas. El incidente interrumpiendo servicios básicos en toda la zona. Los servicios médicos están atendiendo a los afectados en hospitales locales.,Crecida de aguas subterráneas,-37.281416,-59.1372,19/08/2010
Devastador Temporal afecta a Quilmes,"Severa temporal impactó en la localidad de Quilmes, Buenos Aires. El incidente causando pérdidas millonarias y afectando a cientos de personas. Las autoridades locales han desplegado equipos de emergencia para atender a los afectados.",Temporal,-34.746819,-58.282478,19/07/2011
Fenómeno de frío intenso sorprende a habitantes de Morón,La región de Morón en Buenos Aires sufrió los efectos de una intensa fenómeno de frío intenso. El incidente resultando en el cierre temporal de escuelas y comercios. La población ha sido alertada para tomar precauciones adicionales.,Fenómeno de frío intenso,-34.693413,-58.599028,07/04/2011
"Se reporta Frío extremo en zona de Tinogasta, Catamarca",La región de Tinogasta en Catamarca sufrió los efectos de una intensa frío extremo. El incidente provocando pánico entre los residentes locales. Bomberos y personal de seguridad trabajan intensamente en la zona.,Frío extremo,-28.089223,-67.592141,18/03/2016
Autoridades responden a Emergencia por altas temperaturas en Rosario,La región de Rosario en Santa Fe sufrió los efectos de una intensa emergencia por altas temperaturas. El incidente dejando a la población incomunicada por varias horas. Las autoridades locales han desplegado equipos de emergencia para atender a los afectados.,Emergencia por altas temperaturas,-32.920676,-60.643239,03/01/2024
Equipos de emergencia atienden Desborde de arroyo en Pico Truncado,La región de Pico Truncado en Santa Cruz sufrió los efectos de una intensa desborde de arroyo. El incidente causando pérdidas millonarias y afectando a cientos de personas. Las fuerzas de seguridad mantienen un perímetro para evitar incidentes adicionales.,Desborde de arroyo,-46.758489,-67.922357,02/03/2008
Preocupación por Escasez de agua en Goya,"Severa escasez de agua impactó en la localidad de Goya, Corrientes. El incidente generando serios daños ambientales en la región. Se han habilitado refugios temporales para las familias afectadas.",Escasez de agua,-29.096983,-59.217581,31/07/2016
Tafí Viejo afectado por Contaminación por ceniza volcánica,La región de Tafí Viejo en Tucumán sufrió los efectos de una intensa contaminación por ceniza volcánica. El incidente afectando el normal desarrollo de actividades en la zona. Autoridades nacionales se han puesto a disposición para brindar asistencia.,Contaminación por ceniza volcánica,-26.722964,-65.25448,26/06/2024
"Desborde de río sorprende a habitantes de La Banda, Santiago del Estero","Severa desborde de río impactó en la localidad de La Banda, Santiago del Estero. El incidente interrumpiendo servicios básicos en toda la zona. Defensa Civil coordina las tareas de asistencia y reconstrucción.",Desborde de río,-27.68385,-64.265679,23/11/2018
n,"Severa vientos con fuerza ciclónica impactó en la localidad de Tunuyán, Mendoza. El incidente causando daños en cultivos y producción agrícola. Se han habilitado refugios temporales para las familias afectadas.",Vientos con fuerza ciclónica,-33.543039,-69.047393,17/08/2006
Evacuaciones por Temporal en Palermo,"Severa temporal impactó en la localidad de Palermo, CABA. El incidente provocando pánico entre los residentes locales. Especialistas evalúan los daños para iniciar las reparaciones necesarias.",Temporal,-34.541182,-58.378206,15/12/2003
"Tormenta eléctrica sorprende a habitantes de Monteros, Tucumán","Severa tormenta eléctrica impactó en la localidad de Monteros, Tucumán. El incidente provocando pánico entre los residentes locales. Voluntarios de diversas organizaciones se han sumado a las tareas de auxilio.",Tormenta eléctrica,-27.190354,-65.496891,21/04/2011
Situación crítica por Crecida histórica en Maipú,La región de Maipú en Mendoza sufrió los efectos de una intensa crecida histórica. El incidente provocando la activación de protocolos de emergencia. Se ha declarado estado de emergencia en la región para facilitar la asistencia.,Crecida histórica,-32.926222,-68.786493,20/06/2005
n de Aguilares en Tucumán sufrió los efectos de una intensa emergencia por altas temperaturas. El incidente provocando cortes de energía y problemas en el suministro de agua. Equipos de rescate continúan buscando posibles víctimas.,Emergencia por altas temperaturas,-27.476721,-65.614735,07/02/2016
"Alerta por Granizo de gran tamaño en Bell Ville, Córdoba",La región de Bell Ville en Córdoba sufrió los efectos de una intensa granizo de gran tamaño. El incidente generando caos en el transporte público y privado. El municipio ha activado el protocolo de emergencias para esta situación.,Granizo de gran tamaño,-32.615939,-62.638772,27/06/2014
Esquel en alerta por Fuego en área protegida,La región de Esquel en
"Villa Regina en alerta por Tormenta tropical, Río Negro","Una tormenta tropical de gran magnitud afectó a Villa Regina, Río Negro. El incidente obligando a evacuar a residentes de la zona. Se ha convocado al comité de crisis para coordinar las acciones de respuesta.",Tormenta tropical,-39.082245,-67.076925,21/06/2008
Neuquén sufre las consecuencias de Evento sísmico,"Severa evento sísmico impactó en la localidad de Neuquén, Neuquén. El incidente causando pérdidas millonarias y afectando a cientos de personas. El Ministerio de Desarrollo Social está brindando apoyo a los damnificados.",Evento sísmico,-38.959078,-68.0866,13/09/2007
Autoridades responden a Tormenta con piedras de granizo en Villa Ángela,"Severa tormenta con piedras de granizo impactó en la localidad de Villa Ángela, Chaco. El incidente dejando a la población incomunicada por varias horas. Técnicos trabajan para restablecer los servicios básicos lo antes posible.",Tormenta con piedras de granizo,-27.593537,-60.743947,17/12/2020
"Emergencia por sequía sorprende a habitantes de Victorica, La Pampa",La región de Victorica en La Pampa sufrió los efectos de una intensa emergencia por sequía. El incidente causando pérdidas millonarias y afectando a cientos de personas. Bomberos y personal de seguridad trabajan intensamente en la zona.,Emergencia por sequía,-36.216018,-65.477307,21/06/2010
Gálvez afectado por Vendaval,La región de Gálvez en Santa Fe sufrió los efectos de una intensa vendaval. El incidente afectando el normal desarrollo de actividades en la zona. Se han habilitado refugios temporales para las familias afectadas.,Vendaval,-32.07072,-61.198945,09/01/2008
Alerta por Polvo volcánico en suspensión en Chilecito,La región de Chilecito en La Rioja sufrió los efectos de una intensa polvo volcánico en suspensión. El incidente provocando pánico entre los residentes locales. El gobierno provincial ha enviado ayuda humanitaria a los damnificados.,Polvo volcánico en suspensión,-29.179822,-67.502995,12/01/2022
Se reporta Calor extremo en zona de San Lorenzo,"Severa calor extremo impactó en la localidad de San Lorenzo, Santa Fe. El incidente provocando la activación de protocolos de emergencia. Se ha declarado estado de emergencia en la región para facilitar la asistencia.",Calor extremo,-32.762182,-60.757617,06/06/2005
Declaran emergencia tras Precipitación de granizo en Eduardo Castex,La región de Eduardo Castex en La Pampa sufrió los efectos de una intensa precipitación de granizo. El incidente destruyendo viviendas y dejando a familias evacuadas. El intendente local se ha trasladado al lugar para supervisar las operaciones.,Precipitación de granizo,-35.869688,-64.260624,04/11/2021
"Tigre afectado por Desprendimiento de ladera, Buenos Aires","Una desprendimiento de ladera de gran magnitud afectó a Tigre, Buenos Aires. El incidente dejando a varios sectores sin comunicación. Se ha iniciado una investigación para determinar las causas exactas del incidente.",Desprendimiento de ladera,-34.394393,-58.56006,01/06/2001
"Barranqueras afectado por Nevada extrema, Chaco","Severa nevada extrema impactó en la localidad de Barranqueras, Chaco. El incidente generando serios daños ambientales en la región. Las autoridades locales han desplegado equipos de emergencia para atender a los afectados.",Nevada extrema,-27.535801,-58.931541,18/08/2009
"Habitantes de Cañada de Gómez afrontan Granizo de gran tamaño, Santa Fe","Severa granizo de gran tamaño impactó en la localidad de Cañada de Gómez, Santa Fe. El incidente provocando la activación de protocolos de emergencia. Las fuerzas de seguridad mantienen un perímetro para evitar incidentes adicionales.",Granizo de gran tamaño,-32.828462,-61.439806,27/06/2016
Trenque Lauquen afectado por Contaminación por ceniza volcánica,"Una contaminación por ceniza volcánica de gran magnitud afectó a Trenque Lauquen, Buenos Aires. El incidente bloqueando las principales vías de acceso. Las autoridades locales han desplegado equipos de emergencia para atender a los afectados.",Contaminación por ceniza volcánica,-36.02064,-62.690122,26/11/2012
"Serio incidente: Copiosa caída de nieve en Zapala, Neuquén","Severa copiosa caída de nieve impactó en la localidad de Zapala, Neuquén. El incidente generando caos en el transporte público y privado. La población ha sido alertada para tomar precauciones adicionales.",Copiosa caída de nieve,-38.934713,-70.065549,15/09/2020
"Serio incidente: Emergencia por altas temperaturas en Ushuaia, Tierra del Fuego","Una emergencia por altas temperaturas de gran magnitud afectó a Ushuaia, Tierra del Fuego. El incidente interrumpiendo servicios básicos en toda la zona. El gobierno provincial ha enviado ayuda humanitaria a los damnificados.",Emergencia por altas temperaturas,-54.793701,-68.352764,21/01/2001
Situación crítica por Nevada histórica en Villa María,"Una nevada histórica de gran magnitud afectó a Villa María, Córdoba. El incidente generando serios daños ambientales en la región. Bomberos y personal de seguridad trabajan intensamente en la zona.",Nevada histórica,-32.368477,-63.265866,21/06/2002
Habitantes de Reconquista afrontan Copiosa caída de nieve,"Una copiosa caída de nieve de gran magnitud afectó a Reconquista, Santa Fe. El incidente provocando la activación de protocolos de emergencia. Voluntarios de diversas organizaciones se han sumado a las tareas de auxilio.",Copiosa caída de nieve,-29.147704,-59.659582,16/02/2004
"Devastador Alud afecta a Villa Carlos Paz, Córdoba",La región de Villa Carlos Paz en Córdoba sufrió los efectos de una intensa alud. El incidente provocando la activación de protocolos de emergencia. Técnicos trabajan para restablecer los servicios básicos lo antes posible.,Alud,-31.391214,-64.4876,27/01/2007
Aristóbulo del Valle sufre las consecuencias de Helada fuera de temporada,"Severa helada fuera de temporada impactó en la localidad de Aristóbulo del Valle, Misiones. El incidente obligando a evacuar a residentes de la zona. Defensa Civil coordina las tareas de asistencia y reconstrucción.",Helada fuera de temporada,-27.055614,-54.897013,06/07/2020
"Tormenta severa genera crisis en Apóstoles, Misiones","Severa tormenta severa impactó en la localidad de Apóstoles, Misiones. El incidente provocando cortes de energía y problemas en el suministro de agua. El Ministerio de Desarrollo Social está brindando apoyo a los damnificados.",Tormenta severa,-27.930037,-55.799984,29/05/2002
"Habitantes de Gálvez afrontan Tormenta con piedras de granizo, Santa Fe",La región de Gálvez en Santa Fe sufrió los efectos de una intensa tormenta con piedras de granizo. El incidente afectando el normal desarrollo de actividades en la zona. Equipos de rescate continúan buscando posibles víctimas.,Tormenta con piedras de granizo,-31.992988,-61.192796,19/11/2017
Lluvia de hielo afecta a Tandil,"Severa lluvia de hielo impactó en la localidad de Tandil, Buenos Aires. El incidente bloqueando las principales vías de acceso. Los servicios médicos están atendiendo a los afectados en hospitales locales.",Lluvia de hielo,-37.291325,-59.127059,14/04/2005
"Emergencia por Crisis hídrica en Puerto San Julián, Santa Cruz","Severa crisis hídrica impactó en la localidad de Puerto San Julián, Santa Cruz. El incidente bloqueando las principales vías de acceso. El Ministerio de Desarrollo Social está brindando apoyo a los damnificados.",Crisis hídrica,-49.270784,-67.684347,26/11/2005
"Consecuencias graves tras Tormenta de viento en Tartagal, Salta",La región de Tartagal en Salta sufrió los efectos de una intensa tormenta de viento. El incidente provocando cortes de energía y problemas en el suministro de agua. Técnicos trabajan para restablecer los servicios básicos lo antes posible.,Tormenta de viento,-22.479707,-63.796411,29/03/2015
Casilda afectado por Temporal,"Una temporal de gran magnitud afectó a Casilda, Santa Fe. El incidente con un saldo inicial de varias personas heridas. El intendente local se ha trasladado al lugar para supervisar las operaciones.",Temporal,-33.067928,-61.156332,01/07/2018
Sequía con pérdidas agrícolas sorprende a habitantes de Zapala,"Una sequía con pérdidas agrícolas de gran magnitud afectó a Zapala, Neuquén. El incidente dejando varios heridos y daños materiales. Bomberos y personal de seguridad trabajan intensamente en la zona.",Sequía con pérdidas agrícolas,-38.868523,-70.010309,21/12/2015
"Confirman Fenómeno de calor intenso de gran magnitud en Puerto Iguazú, Misiones",La región de Puerto Iguazú en Misiones sufrió los efectos de una intensa fenómeno de calor intenso. El incidente provocando pánico entre los residentes locales. La población ha sido alertada para tomar precauciones adicionales.,Fenómeno de calor intenso,-25.574713,-54.535902,09/10/2022
"Evacuaciones por Avalancha de lodo en Frías, Santiago del Estero",La región de Frías en Santiago del Estero sufrió los efectos de una intensa avalancha de lodo. El incidente generando serios daños ambientales en la región. Las fuerzas de seguridad mantienen un perímetro para evitar incidentes adicionales.,Avalancha de lodo,-28.651822,-65.107238,07/10/2014
"Granizada destructiva sorprende a habitantes de Clorinda, Formosa",La región de Clorinda en Formosa sufrió los efectos de una intensa granizada destructiva. El incidente dejando un rastro de destrucción importante. Se ha convocado al comité de crisis para coordinar las acciones de respuesta.,Granizada destructiva,-25.248282,-57.68653,19/10/2006
Alerta por Alud en San Vicente,La región de San Vicente en Misiones sufrió los efectos de una intensa alud. El incidente dejando a varios sectores sin comunicación. El intendente local se ha trasladado al lugar para supervisar las operaciones.,Alud,-27.043086,-54.461276,23/10/2017
Olavarría afectado por Ventisca con nieve,"Severa ventisca con nieve impactó en la localidad de Olavarría, Buenos Aires. El incidente generando serios daños ambientales en la región. Se ha convocado al comité de crisis para coordinar las acciones de respuesta.",Ventisca con nieve,-36.84745,-60.306336,16/07/2002
"Inundación por lluvias intensas sorprende a habitantes de Apóstoles, Misiones","Una inundación por lluvias intensas de gran magnitud afectó a Apóstoles, Misiones. El incidente generando preocupación entre autoridades provinciales. El gobierno provincial ha enviado ayuda humanitaria a los damnificados.",Inundación por lluvias intensas,-27.960269,-55.746345,29/08/2015
"Emergencia por Congelamiento en Paraná, Entre Ríos","Una congelamiento de gran magnitud afectó a Paraná, Entre Ríos. El incidente generando serios daños ambientales en la región. Las fuerzas de seguridad mantienen un perímetro para evitar incidentes adicionales.",Congelamiento,-31.743856,-60.49865,28/11/2019
"Helada severa sorprende a habitantes de San Juan, San Juan",La región de San Juan en San Juan sufrió los efectos de una intensa helada severa. El incidente dejando a varios sectores sin comunicación. Los servicios médicos están atendiendo a los afectados en hospitales locales.,Helada severa,-31.554999,-68.572991,06/04/2020
"Equipos de emergencia atienden Sequía con pérdidas agrícolas en Alta Gracia, Córdoba","Una sequía con pérdidas agrícolas de gran magnitud afectó a Alta Gracia, Córdoba. El incidente afectando el normal desarrollo de actividades en la zona. Voluntarios de diversas organizaciones se han sumado a las tareas de auxilio.",Sequía con pérdidas agrícolas,-31.63987,-64.406176,18/02/2012
Rawson sufre las consecuencias de Incendio forestal,"Una incendio forestal de gran magnitud afectó a Rawson, Chubut. El incidente interrumpiendo servicios básicos en toda la zona. Se ha establecido un centro de operaciones para coordinar las ayudas.",Incendio forestal,-43.265689,-65.142233,16/12/2024
"Confirman Fenómeno de frío intenso de gran magnitud en Río Tercero, Córdoba","Una fenómeno de frío intenso de gran magnitud afectó a Río Tercero, Córdoba. El incidente dejando a varios sectores sin comunicación. Defensa Civil coordina las tareas de asistencia y reconstrucción.",Fenómeno de frío intenso,-32.192286,-64.076993,11/07/2007
Consecuencias graves tras Emergencia por sequía en Venado Tuerto,La región de Venado Tuerto en Santa Fe sufrió los efectos de una intensa emergencia por sequía. El incidente bloqueando las principales vías de acceso. Técnicos trabajan para restablecer los servicios básicos lo antes posible.,Emergencia por sequía,-33.706843,-61.942707,09/11/2010
Andalgalá en alerta por Tormenta de granizo,"Una tormenta de granizo de gran magnitud afectó a Andalgalá, Catamarca. El incidente dejando a la población incomunicada por varias horas. Especialistas evalúan los daños para iniciar las reparaciones necesarias.",Tormenta de granizo,-27.554831,-66.348907,20/03/2022
"Habitantes de San Nicolás afrontan Tormenta de viento, Buenos Aires","Una tormenta de viento de gran magnitud afectó a San Nicolás, Buenos Aires. El incidente resultando en el cierre temporal de escuelas y comercios. Se han habilitado refugios temporales para las familias afectadas.",Tormenta de viento,-33.323077,-60.235524,28/11/2016
Nevada extrema deja múltiples daños en Gualeguaychú,"Una nevada extrema de gran magnitud afectó a Gualeguaychú, Entre Ríos. El incidente dejando un rastro de destrucción importante. Se ha iniciado una investigación para determinar las causas exactas del incidente.",Nevada extrema,-32.962217,-58.548531,22/02/2003
"Necochea sufre las consecuencias de Temporal, Buenos Aires","Una temporal de gran magnitud afectó a Necochea, Buenos Aires. El incidente generando serios daños ambientales en la región. Las autoridades locales han desplegado equipos de emergencia para atender a los afectados.",Temporal,-38.588946,-58.772747,19/02/2024
Evacuaciones por Emergencia por sequía en San Rafael,"Una emergencia por sequía de gran magnitud afectó a San Rafael, Mendoza. El incidente obligando a evacuar a residentes de la zona. Equipos de rescate continúan buscando posibles víctimas.",Emergencia por sequía,-34.626989,-68.294767,19/03/2025
"Declaran emergencia tras Vientos con fuerza ciclónica en Chilecito, La Rioja","Una vientos con fuerza ciclónica de gran magnitud afectó a Chilecito, La Rioja. El incidente destruyendo viviendas y dejando a familias evacuadas. Las fuerzas de seguridad mantienen un perímetro para evitar incidentes adicionales.",Vientos con fuerza ciclónica,-29.159407,-67.524526,01/12/2012
Confirman Tormenta de viento de gran magnitud en Cipolletti,La región de Cipolletti en Río Negro sufrió los efectos de una intensa tormenta de viento. El incidente dejando a la población incomunicada por varias horas. El gobierno provincial ha enviado ayuda humanitaria a los damnificados.,Tormenta de viento,-38.962327,-68.002316,11/04/2019
Tormenta con fuertes vientos deja múltiples daños en Quilmes,La región de Quilmes en Buenos Aires sufrió los efectos de una intensa tormenta con fuertes vientos. El incidente causando daños en cultivos y producción agrícola. Las autoridades locales han desplegado equipos de emergencia para atender a los afectados.,Tormenta con fuertes vientos,-34.679572,-58.286467,28/10/2002
"Devastador Desborde de río afecta a Caucete, San Juan","Severa desborde de río impactó en la localidad de Caucete, San Juan. El incidente con un saldo inicial de varias personas heridas. La población ha sido alertada para tomar precauciones adicionales.",Desborde de río,-31.673377,-68.236095,11/01/2018
Derrumbe de cerro impacta en Salta,"Severa derrumbe de cerro impactó en la localidad de Salta, Salta. El incidente dejando varios heridos y daños materiales. El intendente local se ha trasladado al lugar para supervisar las operaciones.",Derrumbe de cerro,-24.752754,-65.373295,08/06/2000
"Tormenta con fuertes vientos impacta en Luján de Cuyo, Mendoza","Severa tormenta con fuertes vientos impactó en la localidad de Luján de Cuyo, Mendoza. El incidente generando serios daños ambientales en la región. Se han habilitado refugios temporales para las familias afectadas.",Tormenta con fuertes vientos,-33.062172,-68.84222,04/01/2015
"Devastador Lluvia de hielo afecta a Caleta Olivia, Santa Cruz",La región de Caleta Olivia en Santa Cruz sufrió los efectos de una intensa lluvia de hielo. El incidente dejando a la población incomunicada por varias horas. Se ha establecido un centro de operaciones para coordinar las ayudas.,Lluvia de hielo,-46.428717,-67.544575,12/06/2006
"Las Breñas en alerta por Desprendimiento de ladera, Chaco","Severa desprendimiento de ladera impactó en la localidad de Las Breñas, Chaco. El incidente provocando pánico entre los residentes locales. Defensa Civil coordina las tareas de asistencia y reconstrucción.",Desprendimiento de ladera,-27.063968,-61.096414,25/06/2008
Neuquén afectado por Desborde de río,"Una desborde de río de gran magnitud afectó a Neuquén, Neuquén. El incidente resultando en el cierre temporal de escuelas y comercios. El Ministerio de Desarrollo Social está brindando apoyo a los damnificados.",Desborde de río,-38.988126,-68.027308,19/11/2011
"Equipos de emergencia atienden Tormenta eléctrica en Villa Mercedes, San Luis","Severa tormenta eléctrica impactó en la localidad de Villa Mercedes, San Luis. El incidente afectando gravemente la infraestructura local. Se han habilitado refugios temporales para las familias afectadas.",Tormenta eléctrica,-33.712552,-65.47331,17/03/2015
El Calafate afectado por Vientos con fuerza ciclónica,La región de El Calafate en Santa Cruz sufrió los efectos de una intensa vientos con fuerza ciclónica. El incidente provocando cortes de energía y problemas en el suministro de agua. Las autoridades locales han desplegado equipos de emergencia para atender a los afectados.,Vientos con fuerza ciclónica,-50.388028,-72.24641,30/07/2021
Alud provoca emergencia en Morón,"Severa alud impactó en la localidad de Morón, Buenos Aires. El incidente dejando a varios sectores sin comunicación. Bomberos y personal de seguridad trabajan intensamente en la zona.",Alud,-34.693782,-58.61619,01/09/2010
Equipos de emergencia atienden Movimiento telúrico en Pirané,"Una movimiento telúrico de gran magnitud afectó a Pirané, Formosa. El incidente afectando gravemente la infraestructura local. Voluntarios de diversas organizaciones se han sumado a las tareas de auxilio.",Movimiento telúrico,-25.750162,-59.129472,03/01/2021
Impacto de Lluvia torrencial en comunidad de Maipú,La región de Maipú en Mendoza sufrió los efectos de una intensa lluvia torrencial. El incidente dejando un rastro de destrucción importante. El intendente local se ha trasladado al lugar para supervisar las operaciones.,Lluvia torrencial,-32.967794,-68.815249,23/01/2023
"Emergencia por Fenómeno de viento rotativo en Chepes, La Rioja",La región de Chepes en La Rioja sufrió los efectos de una intensa fenómeno de viento rotativo. El incidente generando preocupación entre autoridades provinciales. El gobierno provincial ha enviado ayuda humanitaria a los damnificados.,Fenómeno de viento rotativo,-31.368508,-66.550957,04/03/2012
Concepción sufre las consecuencias de Temporal,La región de Concepción en Tucumán sufrió los efectos de una intensa temporal. El incidente generando serios daños ambientales en la región. Defensa Civil coordina las tareas de asistencia y reconstrucción.,Temporal,-27.310493,-65.611433,19/10/2020
Desborde de río genera crisis en Quilmes,"Severa desborde de río impactó en la localidad de Quilmes, Buenos Aires. El incidente destruyendo viviendas y dejando a familias evacuadas. La población ha sido alertada para tomar precauciones adicionales.",Desborde de río,-34.729555,-58.289806,07/08/2008
"Devastador Derrumbe de cerro afecta a Gálvez, Santa Fe",La región de Gálvez en Santa Fe sufrió los efectos de una intensa derrumbe de cerro. El incidente causando pérdidas millonarias y afectando a cientos de personas. Bomberos y personal de seguridad trabajan intensamente en la zona.,Derrumbe de cerro,-32.027251,-61.203712,13/04/2009
Alerta por Emergencia por sequía en Jardín América,"Severa emergencia por sequía impactó en la localidad de Jardín América, Misiones. El incidente provocando la activación de protocolos de emergencia. Se ha establecido un centro de operaciones para coordinar las ayudas.",Emergencia por sequía,-27.082173,-55.182269,20/07/2010
"Puerto Iguazú en alerta por Réplica sísmica, Misiones","Severa réplica sísmica impactó en la localidad de Puerto Iguazú, Misiones. El incidente dejando un rastro de destrucción importante. Se han habilitado refugios temporales para las familias afectadas.",Réplica sísmica,-25.595821,-54.5756,22/06/2001
Autoridades responden a Movimiento telúrico en Santa Fe,"Severa movimiento telúrico impactó en la localidad de Santa Fe, Santa Fe. El incidente obligando a evacuar a residentes de la zona. Especialistas evalúan los daños para iniciar las reparaciones necesarias.",Movimiento telúrico,-31.584233,-60.71307,09/04/2015
"Emergencia por Incendio en reserva natural en Eldorado, Misiones",La región de Eldorado en Misiones sufrió los efectos de una intensa incendio en reserva natural. El incidente dejando a la población incomunicada por varias horas. Voluntarios de diversas organizaciones se han sumado a las tareas de auxilio.,Incendio en reserva natural,-26.41257,-54.62207,01/05/2016
Situación crítica por Ola de calor extremo en Justo Daract,La región de Justo Daract en San Luis sufrió los efectos de una intensa ola de calor extremo. El incidente causando daños en cultivos y producción agrícola. El gobierno provincial ha enviado ayuda humanitaria a los damnificados.,Ola de calor extremo,-33.862779,-65.174034,01/07/2014
"Nevada extrema afecta a Mar del Plata, Buenos Aires",La región de Mar del Plata en Buenos Aires sufrió los efectos de una intensa nevada extrema. El incidente dejando a varios sectores sin comunicación. Se ha declarado estado de emergencia en la región para facilitar la asistencia.,Nevada extrema,-38.005449,-57.500348,13/02/2025
"Derrumbe de cerro causa estragos en San Rafael, Mendoza","Una derrumbe de cerro de gran magnitud afectó a San Rafael, Mendoza. El incidente bloqueando las principales vías de acceso. Se ha declarado estado de emergencia en la región para facilitar la asistencia.",Derrumbe de cerro,-34.617887,-68.347553,30/08/2014
"Devastador Déficit hídrico afecta a Lomas de Zamora, Buenos Aires",La región de Lomas de Zamora en Buenos Aires sufrió los efectos de una intensa déficit hídrico. El incidente dejando a la población incomunicada por varias horas. El Ministerio de Desarrollo Social está brindando apoyo a los damnificados.,Déficit hídrico,-34.714966,-58.454068,30/07/2002